year,P,Plower,Pupper,Pbc
1517,661.974309241657,474.425674710904,849.52294377241,837.100729960647
1518,409.222768024432,228.729511665877,589.716024382987,356.813790939991
1519,429.087138999749,248.791968432001,609.382309567497,376.288011405651
1520,426.268896983098,244.708776351596,607.829017614599,373.518700922914
1521,390.117227717112,208.335559818733,571.898895615492,340.378322926807
1522,488.658353657837,308.301997588261,669.014709727413,480.647957455365
1523,493.090596784076,312.205372371577,673.975821196576,489.376431118256
1524,368.414087164068,185.172604122743,551.655570205392,331.065884946597
1525,582.914229930399,400.380978848726,765.447481012073,650.084564612348
1526,543.825220789915,358.760677173905,728.889764405924,555.644564648078
1527,488.24299188862,305.091252144063,671.394731633177,479.790104426787
1528,506.340126084054,324.834856118795,687.845396049313,505.418487448476
1529,527.584956002028,346.638793510811,708.531118493246,534.174514559399
1530,469.219504276345,288.490890679366,649.948117873324,429.532037695295
1531,387.907085270319,204.387085451721,571.427085088917,344.069640574197
1532,357.431967429502,175.896311886917,538.967622972088,321.949112420988
1533,458.231199579567,277.930974155614,638.531425003521,407.24061258475
1534,436.230022106996,255.742500059878,616.717544154114,383.71980212369
1535,465.3648944758,281.601368749337,649.128420202263,419.167392105772
1536,404.911781418477,223.974153878934,585.84940895802,353.660239758727
1537,434.447865421223,251.98215455183,616.913576290616,381.749041119882
1538,453.534315900289,273.015463315746,634.053168484833,402.78343868644
1539,488.648674866294,308.159862791526,669.137486941061,480.627967698836
1540,441.90550789786,258.193713254511,625.617302541208,390.406159349353
1541,487.894144199373,304.290216616411,671.498071782335,479.069623947089
1542,577.970983919073,386.025307581176,769.916660256971,636.500315305958
1543,600.423945915346,415.194580271007,785.653311559685,707.064114673537
1544,417.991280064722,230.033899952471,605.948660176974,365.758088947144
1545,471.6827903487,291.443611657787,651.921969039613,439.063605974168
1546,329.901824891774,147.372320606522,512.431329177026,303.110434495317
1547,462.257586960536,280.924699736959,643.590474184113,409.200879985408
1548,527.970780944919,343.391066475563,712.550495414276,534.738940528878
1549,366.522317790126,185.223464256665,547.821171323586,329.481258142639
1550,445.392066787201,264.971051212124,625.813082362279,395.505270712543
1551,466.727892407876,286.28469622217,647.171088593582,423.539130449446
1552,332.88709099011,150.631089371053,515.143092609167,305.285629022522
1553,424.9941175883,244.31009144808,605.67814372852,372.65536335202
1554,360.269479545708,178.186464996819,542.352494094596,324.24361384022
1555,509.184835306924,328.080794101928,690.28887651192,508.515352550528
1556,501.01265496965,315.398377197871,686.626932741429,498.774880448575
1557,491.284286695201,308.488353078928,674.080220311473,485.823622442699
1558,459.304087290034,273.782943985467,644.825230594601,405.856994922923
1559,449.454731055585,266.010648805508,632.898813305661,400.691876570581
1560,503.741513278156,323.206117761095,684.276908795217,502.411343238196
1561,419.954689718448,237.766974548391,602.142404888504,367.853257847078
1562,475.813746532579,293.825436460045,657.802056605113,449.958171386168
1563,554.313237759572,372.644255444409,735.982220074734,574.503995206345
1564,509.581901074661,327.550815059525,691.612987089796,509.01289663622
1565,523.276918145387,342.080188422583,704.47364786819,527.912506609944
1566,546.381802174132,364.246804482233,728.516799866032,560.687434357116
1567,495.833185832128,315.344290337728,676.322081326528,492.931358935075
1568,432.230055683284,251.78272649772,612.677384868847,379.413041093884
1569,561.591536624402,376.445160929545,746.737912319258,593.457993533844
1570,511.339131951893,329.973039637121,692.705224266665,511.214798439912
1571,419.629233699204,237.523696999814,601.734770398593,367.505961332302
1572,396.868735220956,207.006417230277,586.731053211634,346.564537394691
1573,428.709785301636,247.554587828898,609.864982774374,375.912805306251
1574,477.353905764643,295.328239077675,659.37957245161,455.583282610318
1575,409.55266480405,219.273453782777,599.831875825322,357.055115368515
1576,442.142184193947,254.769502551269,629.514865836625,390.752299721302
1577,563.45544815918,380.316327021749,746.594569296611,600.299882331054
1578,473.84701508967,281.880251872681,665.813778306658,445.77398971775
1579,477.74108463254,293.842033365365,661.640135899716,456.997372887624
1580,388.689258277982,201.184433035955,576.194083520009,344.52958291167
1581,501.528980808141,320.956229692601,682.101731923681,499.34551658067
1582,392.843971856152,211.977632467998,573.710311244305,342.623814834139
1583,479.933242108394,294.761166412727,665.105317804059,465.003772074027
1584,480.732533114615,298.520158806248,662.944907422981,466.224452622169
1585,483.453825096217,303.11018820806,663.797461984375,469.89896484267
1586,399.700171142922,218.624832947225,580.775509338619,349.336850299848
1587,518.333385147079,330.434767489157,706.232002805,520.964887541804
1588,387.394265361174,198.593042722855,576.195487999492,343.768086333123
1589,447.335866315978,245.425532586137,649.24620004582,398.34808810916
1590,351.110855842868,166.595549763865,535.626161921872,317.770879411564
1591,429.790472043404,249.362426853989,610.21851723282,376.987341634051
1592,447.436838094595,241.260601547466,653.613074641724,398.495759885272
1593,518.656541304949,336.368053140282,700.945029469616,521.419049754371
1594,467.535112664176,284.008398800213,651.061826528138,425.479363618891
1595,370.078472108236,186.175276330185,553.981667886286,332.460044843126
1596,421.382500460961,236.169558927643,606.595441994278,369.376885204735
1597,479.027854253151,253.795038643873,704.260669862428,461.697031263916
1598,448.889851605635,268.670320737263,629.109382474007,400.402268558365
1599,442.439214251906,217.258311050732,667.62011745308,391.186707798669
1600,439.346370458563,249.142024686767,629.550716230358,387.16595130607
1601,479.093749701265,292.920423217988,665.267076184542,461.937700681137
1602,354.635530578702,168.093984358551,541.177076798853,320.100677284439
1603,378.823627853035,197.451489301653,560.195766404416,338.728281826318
1604,528.541534898774,347.583463983155,709.499605814393,535.573900423707
1605,526.211356441007,335.034444105055,717.388268776959,532.165066289683
1606,613.684479407784,423.372422109109,803.996536706459,752.668578540056
1607,478.998884772982,298.642748766944,659.35502077902,461.591226263586
1608,327.988194304594,145.032676987016,510.943711622173,301.716080141899
1609,479.157115637448,295.832321301721,662.481909973176,462.169131582196
1610,448.851156096606,266.634321532436,631.067990660775,400.3824297601
1611,389.973915325796,205.633648477803,574.31418217379,341.172547029098
1612,519.999517225078,339.122478277687,700.876556172469,523.30646207951
1613,529.151019445265,347.869129554666,710.432909335865,536.465519569578
1614,496.506711810138,313.694970198088,679.318453422188,493.794974768282
1615,276.888619420226,90.8828591585472,462.894379681905,269.098175488199
1616,505.114490272802,324.263639647931,685.965340897672,504.027427641981
1617,485.191011844432,295.550805279531,674.831218409332,473.486803261145
1618,391.690150652627,208.116682016552,575.263619288701,341.494086491018
1619,352.20160435441,164.149411857854,540.253796850967,318.491860424705
1620,511.096908536506,316.653165595706,705.540651477307,510.911279885722
1621,479.767119451177,294.986600619581,664.547638282773,464.397043623981
1622,425.620768882345,241.95560457308,609.285933191609,373.07975961086
1623,507.598726064178,319.127220463306,696.070231665051,506.741978434838
1624,396.644397228573,210.659147853066,582.629646604081,346.344883788344
1625,481.02277925549,287.877890210014,674.167668300966,466.606985406874
1626,409.741489180893,218.764785416636,600.718192945149,357.193243224404
1627,408.356765847583,225.849468666919,590.864063028248,356.180297394916
1628,528.703565855683,347.164024108419,710.243107602947,535.810936627882
1629,512.587029269279,331.599201390115,693.574857148444,512.778478767623
1630,461.115261732397,279.094171027296,643.136352437497,405.536936788372
1631,473.804666924505,293.41804065004,654.19129319897,445.719423473336
1632,600.294331243167,416.598183161225,783.99047932511,706.618355259913
1633,543.531969140414,335.897138076473,751.166800204354,555.06612428646
1634,500.728319229727,302.018886358728,699.437752100725,498.460636545306
1635,478.219989045287,296.704574568234,659.735403522339,458.746471637513
1636,470.630824358378,288.858661195462,652.402987521294,434.993073616464
1637,442.569494328317,261.234741208449,623.904247448186,391.377243119916
1638,488.18079085813,306.648210420801,669.713371295459,479.661639685106
1639,547.345414840206,365.766901469999,728.923928210413,562.58816521395
1640,356.271266004043,174.546378474872,537.996153533215,321.181892772439
1641,558.511121341643,372.595548524426,744.426694158859,582.150665680232
1642,479.422446308237,290.671486328522,668.173406287952,463.138196665399
1643,573.78243731986,382.322219701679,765.24265493804,624.929427263366
1644,423.652923781811,220.898607507916,626.407240055706,371.747046973738
1645,413.165906284925,232.518098712581,593.813713857269,360.608897052929
1646,472.841546212604,282.134727945294,663.548364479914,443.547356667723
1647,564.485830663918,377.563731517172,751.407929810664,603.626788579595
1648,447.771756690487,261.477338842498,634.066174538477,398.985580155705
1649,441.853815970145,259.601891590231,624.105740350059,390.33055962356
1650,411.195454031634,226.301588836851,596.089319226418,358.506212943137
1651,654.092222600453,466.530870973816,841.65357422709,829.218643319443
1652,349.506481368253,155.020909186672,543.992053549834,316.710393404089
1653,395.324965341826,213.07374299995,577.576187683703,345.053002867174
1654,444.703934453445,264.280056457209,625.127812449682,394.49887342691
1655,478.610981342286,298.065320512193,659.156642172379,460.174489671378
1656,624.442033898235,435.272077560892,813.611990235578,789.665016528892
1657,383.326176947396,202.2703563873,564.381997507492,341.37592235438
1658,364.619602095153,182.908308543259,546.330895647048,327.887462232791
1659,394.574694656269,209.474472953375,579.674916359163,344.318398531686
1660,459.348703663816,278.517459853145,640.179947474486,405.799456746123
1661,635.746250377963,446.758893525051,824.733607230874,810.872671096953
1662,393.606093494679,205.814459025242,581.397727964116,343.370022663671
1663,449.958162651899,265.911014721411,634.005310582387,400.949980886304
1664,487.373455154713,304.562558387522,670.184351921904,477.994236882095
1665,459.611078815664,270.618058644561,648.604098986768,405.461092450791
1666,448.866173668508,268.306218491049,629.426128845967,400.390129118162
1667,380.280746116721,199.259393112707,561.302099120735,339.585113209666
1668,591.565930250407,408.383674440041,774.748186060773,676.600404027874
1669,407.27663953324,225.218415558727,589.334863507752,355.390168840629
1670,426.861619625852,244.764746373875,608.958492877829,374.075157927352
1671,636.951574595378,450.760820794446,823.142328396309,812.077995314368
1672,502.648558710086,320.349577728267,684.947539691906,500.857208501556
1673,440.699809639368,254.873837312437,626.525781966298,388.662623949867
1674,333.423963512179,146.384696997982,520.463230026375,305.676817658088
1675,465.477250870986,283.933358190903,647.021143551068,419.527768852817
1676,403.993309535718,223.219202178413,584.767416893024,352.988363838994
1677,331.460104676067,148.216345794644,514.703863557489,304.245864821122
1678,443.125019654397,262.428496731491,623.821542577303,392.189701934655
1679,438.937871646454,257.605883254757,620.269860038151,386.714221368162
1680,579.137871570869,395.72293206514,762.552811076597,639.723850261913
1681,465.624918912003,282.97802269576,648.271815128245,420.001405695439
1682,526.414801964794,344.866269723647,707.963334205941,532.462688149325
1683,376.284658852165,195.092770230374,557.476547473957,337.235288171987
1684,498.579028315094,313.116861190871,684.041195439317,496.08527013355
1685,408.485880593693,224.896670191072,592.075090996315,356.274746762852
1686,549.715562211561,368.175372179111,731.25575224401,566.878044800299
1687,587.67151294457,403.190755051754,772.152270837386,663.20706556178
1688,603.936596811771,418.021717760273,789.85147586327,719.144515584488
1689,529.74770503979,348.622483993634,710.872926085946,537.338415040359
1690,501.085672697637,320.478653567368,681.692691827905,498.855578625514
1691,478.172575933318,297.895322114616,658.449829752021,458.573305108527
1692,311.308563194221,124.645361075151,497.97176531329,290.36552354195
1693,556.925732882142,374.476712488256,739.374753276028,578.837219252434
1694,383.108035302138,200.337907468393,565.878163135884,341.247648203729
1695,590.938932135055,405.74167777085,776.136186499261,674.444087095962
1696,442.308125315391,260.217266095587,624.398984535195,390.994989515115
1697,488.783882981569,300.045912568386,677.521853394752,480.900199784067
1698,362.751939517684,179.675445964362,545.828433071007,326.323028310891
1699,512.418127613431,327.64849850806,697.187756718803,512.566836196646
1700,512.052667191442,329.749090575808,694.356243807076,512.108895255143
1701,491.463499418178,310.623140303013,672.303858533343,486.176501450281
1702,367.591802705162,186.327886772841,548.855718637482,330.377104373231
1703,463.791440472316,283.57961077394,644.003270170692,414.120627883202
1704,355.797405518504,173.561166033358,538.033645003651,320.868672621931
1705,398.211451541272,216.740363872812,579.682539209732,347.87921654879
1706,444.755451591181,263.270073619626,626.240829562736,394.574217521407
1707,481.73842157515,300.727290256699,662.7495528936,467.55017331134
1708,431.988548937077,251.071540272211,612.905557601943,379.172908813013
1709,475.587407927193,295.087857041402,656.086958812985,449.13151671105
1710,478.525269688995,298.189573772839,658.860965605151,459.861445686748
1711,420.713292983084,239.669276392402,601.757309573766,368.662768977085
1712,472.878763006831,278.262016301818,667.495509711844,443.69136528259
1713,473.694720306352,293.286152610803,654.103288001901,445.577755610863
1714,552.492831452931,370.32104523602,734.664617669843,571.484572006876
1715,496.912869994661,314.197929816717,679.627810172605,494.243855142179
1716,411.43355419075,230.111193638908,592.755914742592,358.760291376286
1717,362.405391471759,176.507310672675,548.303472270844,326.032744870427
1718,548.724025117538,367.322296751405,730.125753483671,565.233428379281
1719,495.393956465965,314.097767791658,676.690145140272,492.362032410254
1720,468.369569558126,285.691755034326,651.047384081925,427.447757573994
1721,461.566943072781,262.570070573763,660.563815571799,406.985678997299
1722,468.479519764549,288.225912529923,648.733126999175,427.70711827106
1723,476.755970057713,296.46965637986,657.042283735566,453.399446818312
1724,339.532261240412,157.495105891959,521.569416588865,310.117468218346
1725,402.058816936329,221.4062435187,582.711390353958,351.573253568523
1726,309.831929533319,117.192297520987,502.47156154565,289.709847670133
1727,447.32138259981,262.584943782244,632.057821417376,398.326905595387
1728,493.0218575399,307.590709687104,678.453005392697,489.244988209009
1729,503.702616202193,322.614394398254,684.790838006131,502.356033256725
1730,327.519013987889,144.040800561243,510.997227414535,301.374214986984
1731,494.026581360147,311.177399147844,676.875763572449,490.589648828707
1732,523.615140045002,342.731525177503,704.4987549125,528.387842148279
1733,459.004444800079,278.235796473625,639.773093126532,406.243419930211
1734,508.56967341117,325.541785275218,691.597561547123,507.74452265824
1735,472.939585307915,292.627692732419,653.251477883411,443.926714283326
1736,492.731627628551,311.830926457512,673.632328799589,488.673510685614
1737,444.588506877797,259.549082318155,629.627931437438,394.330059968914
1738,509.152921917463,323.790123722444,694.515720112482,508.475363411522
1739,467.116162495265,282.74772250288,651.484602487649,424.491105284694
1740,458.845881044602,275.6471487189,642.044613370304,406.447906951977
1741,426.003247715616,244.723813841513,607.282681589719,373.338791368184
1742,367.819907912749,167.638362405834,568.001453419663,330.568175034932
1743,374.277801035327,193.004666766126,555.550935304529,335.977582058902
1744,524.276194072157,342.08563465111,706.466753493203,529.334103916037
1745,511.889067837463,330.911520987406,692.866614687521,511.903896744547
1746,420.191708384008,236.355594786063,604.027821981954,368.10618221049
1747,586.025216560061,398.601706272145,773.448726847976,658.61337225762
1748,569.558641907469,387.290944383432,751.826339431506,618.440969855438
1749,404.653302319514,224.024520450244,585.282084188783,353.471158431789
1750,391.618636673477,205.313330671516,577.923942675438,341.424065790299
1751,366.041618618583,183.516157613083,548.567079624082,329.078603991261
1752,520.082026529689,339.213463149272,700.950589910106,523.422420285557
1753,478.013675038554,292.814864896783,663.212485180325,457.992952643627
1754,327.699503770793,145.275240237337,510.123767304249,301.505727681349
1755,566.508181994771,384.507776889739,748.508587099803,609.972224479269
1756,560.579903266434,378.850862902423,742.308943630445,589.744575375516
1757,468.069346175998,287.726763657956,648.411928694041,426.739562944835
1758,348.656855452958,154.728892383924,542.584818521992,316.148793597426
1759,427.773175306723,244.205073982813,611.341276630633,374.981525754448
1760,399.341631175733,216.828111569717,581.85515078175,348.985796980809
1761,396.361946997507,215.410958760048,577.312935234966,346.068331380933
1762,492.560392341309,302.584933839653,682.535850842965,488.336339656566
1763,506.729469205319,326.137521054236,687.321417356402,505.856964608763
1764,501.493854241299,320.695160677014,682.292547805585,499.306695187778
1765,426.986784311233,246.441884555947,607.531684066518,374.199610274365
1766,538.153846697984,353.058243747107,723.249449648861,544.570842178246
1767,393.195182473135,210.629143432325,575.761221513946,342.967691846625
1768,336.915906980642,154.798716712056,519.033097249228,308.221199321801
1769,424.717133094466,241.36055963142,608.073706557512,372.467777075479
1770,523.83047278048,339.56810922127,708.09283633969,528.690469807388
1771,421.125076805685,238.395651400801,603.854502210569,369.102186526537
1772,436.518975379585,255.973377669748,617.064573089422,384.039335106444
1773,470.090551220389,283.1208079861,657.060294454679,432.902512409717
1774,452.418586155753,260.055159694872,644.782012616634,402.211415268851
1775,311.764548535807,128.299302016502,495.229795055113,290.665508934826
1776,526.051480509485,344.707541536102,707.395419482868,531.931182687006
1777,482.657986925976,284.550783311382,680.765190540571,468.762123600527
1778,359.803316896756,174.092977826366,545.513655967146,323.853136100857
1779,509.402023969657,319.400176310722,699.403871628591,508.787501255862
1780,494.927691138869,307.932023519351,681.923358758386,491.757662031655
1781,525.59043961083,343.827216050005,707.353663171654,531.256722777174
1782,289.916024254289,103.539821913332,476.292226595246,278.296825932237
1783,529.402585638578,347.162238657032,711.642932620123,536.833537488493
1784,303.947496270008,120.626304437541,487.268688102476,286.301727022725
1785,244.95665029705,57.5517284134401,432.36157218066,251.808903346417
1786,450.136166396136,265.647672358939,634.624660433334,401.041241615545
1787,476.685249152969,281.241657283776,672.128841022162,453.141153424502
1788,438.052691993738,256.724113865756,619.381270121721,385.735363810427
1789,564.606622931187,379.747730820281,749.465515042093,604.005792750353
1790,354.446725889847,172.040304575459,536.853147204235,319.975878034735
1791,497.790904973626,316.071054055402,679.510755891851,495.214247183192
1792,389.99308440043,208.826919732801,571.15924906806,341.06631377911
1793,544.41595526103,358.895230611191,729.936679910869,556.809791379705
1794,462.978578810851,282.130974313309,643.826183308393,411.513420337319
1795,425.041970770849,244.034256007299,606.0496855344,372.687771665608
1796,499.755745823352,318.655943745016,680.855547901689,497.38576194981
1797,498.187834658218,316.16021661535,680.215452701086,495.652928347379
1798,473.296914241946,292.202608003167,654.391220480726,445.065176545038
1799,536.701264454884,351.989432311813,721.413096597955,544.355331333697
1800,469.221053928185,283.314081588366,655.128026268004,429.538033999372
1801,377.185061311858,195.572702521722,558.797420101994,337.764753147024
1802,256.929746533369,68.6860504975289,445.173442569209,255.005215510232
1803,549.899046826584,362.739780530568,737.0583131226,567.182382189884
1804,668.972919264152,480.819305045314,857.12653348299,844.099339983142
1805,427.820527713502,243.1552958911,612.485759535905,375.02860866879
1806,390.973280552235,210.163387207509,571.783173896961,340.792185305397
1807,518.437045104202,335.851530192305,701.022560016099,521.110570779877
1808,469.487179796109,286.167383720923,652.806975871296,430.567795385742
1809,273.517569969816,87.5144900668545,459.520649872777,266.717877499545
1810,556.522623923534,373.074814209441,739.970433637627,578.168601187832
1811,364.042593432368,180.544904422056,547.54028244268,327.404135139245
1812,460.351395636119,278.489091394226,642.213699878012,404.50636492606
1813,450.818681044391,270.094026451519,631.543335637263,401.391160010713
1814,561.667252125645,379.859878589084,743.474625662207,593.735923591182
1815,144.140673341634,-53.4846700232567,341.766016706525,206.250513670894
1816,583.706509747556,393.541933800539,773.871085694574,652.256609357683
1817,458.517938813751,277.784037393883,639.25184023362,406.870827876727
1818,489.548196563624,308.538922484123,670.557470643126,482.405172276179
1819,434.590147346276,249.184415217348,619.995879475203,381.906380635357
1820,362.048023868198,168.822047866911,555.273999869484,325.733398506504
1821,497.288132762624,316.38381696862,678.192448556629,494.658590331601
1822,435.956686952599,255.610911324573,616.302462580626,383.417540112973
1823,479.877540788047,298.771879064053,660.983202512041,464.800334587981
1824,488.919319000174,308.18645014583,669.652187854518,481.166880224173
1825,475.902293956748,287.702517329106,664.102070584389,450.281572434055
1826,418.170795548771,233.555695219883,602.785895877659,365.949651242115
1827,492.149710946049,311.759488275616,672.539933616481,487.527687007444
1828,467.810457065425,287.585660271626,648.035253859224,426.128871411229
1829,372.894191770948,190.818439132079,554.969944409817,334.818611860557
1830,413.520470368613,227.852248051418,599.188692685808,360.987254997623
1831,440.700052971327,259.941143727776,621.458962214877,388.662893033466
1832,476.05312909686,289.222893931559,662.883364262161,450.832466407859
1833,558.431530452351,369.142147937901,747.720912966801,581.85851017626
1834,510.348142195688,328.695338612193,692.000945779182,509.973036665805
1835,280.919536193618,95.2034683191162,466.63560406812,271.944405788073
1836,464.232473381949,283.464760436203,645.000186327695,415.535215856147
1837,544.190773619593,362.312159288349,726.069387950838,556.365619453225
1838,417.938740112606,236.764982451333,599.112497773879,365.702023177339
1839,453.921086941429,273.188896716567,634.653277166292,402.981732308941
1840,475.704316675565,294.65152351497,656.757109836159,449.558501596102
1841,369.014265164504,187.547982998187,550.480547330822,331.568619666663
1842,528.677653105007,337.75804979371,719.597256416305,535.773028686233
1843,484.411662852634,301.243808540217,667.579517165052,471.877201842619
1844,462.595708327333,280.320242448688,644.871174205978,410.285385038024
1845,506.944116722039,326.297917332545,687.590316111532,506.09870005612
1846,406.04153290161,225.335727861434,586.747337941787,354.486669866222
1847,500.438647200381,317.144045069606,683.733249331155,498.14049504922
1848,385.499905956631,200.156412209489,570.843399703773,342.654143402337
1849,431.493324820546,250.687976040214,612.298673600877,378.680503120365
1850,496.896063355176,316.334371673241,677.457755037111,494.225280678083
1851,488.712449936004,308.355316475492,669.069583396515,480.75954446781
1852,449.716869281096,266.547741190064,632.885997372128,400.826272202115
1853,472.325569455261,291.458384058727,653.192754851795,441.550809150112
1854,489.336076112606,308.947752391892,669.72439983332,481.987496270817
1855,471.596667590419,289.906138547786,653.287196633051,438.730358057845
1856,452.755034582144,268.609197428425,636.900871735863,402.383908992936
1857,454.823436451487,271.940708532066,637.706164370908,403.444357826572
1858,486.263796706333,297.939447507015,674.58814590565,475.702442279945
1859,490.672004069317,310.261372076777,671.082636061857,484.618006670603
1860,439.560272746129,256.501185147506,622.619360344752,387.402490713814
1861,318.643236685675,134.142005672395,503.144467698955,295.19088679002
1862,570.054441564597,386.951602812962,753.157280316232,619.299474082008
1863,424.488221950973,237.71501631326,611.261427588687,372.312748219992
1864,536.052771800491,354.724812068477,717.380731532506,543.534102910022
1865,356.148826887676,168.562845232833,543.73480854252,321.100960937802
1866,475.894427662918,295.12032076611,656.668534559725,450.252842432121
1867,416.065301147611,235.425341504493,596.70526079073,363.702862661889
1868,495.906980862633,315.33033330941,676.483628415857,493.027011620216
1869,513.267774481661,330.351101981903,696.184446981419,513.631487971148
1870,378.70879753567,196.857478351105,560.560116720234,338.660757986881
1871,331.503562869127,148.803497977177,514.203627761076,304.277530347943
1872,532.084994795752,350.812203921681,713.357785669823,538.734271762262
1873,537.230771904253,352.795837849803,721.665705958703,544.933988670566
1874,489.807715319838,309.419749865856,670.19568077382,482.916177966067
1875,531.538863380845,350.08482119296,712.99290556873,538.655465225318
1876,522.282439978326,340.237822055281,704.327057901371,526.514871461421
1877,479.959832018558,297.69859720234,662.221066834777,465.100886189894
1878,481.281018483407,298.893104021582,663.668932945233,466.947334362685
1879,326.829435261816,142.231863552119,511.427006971513,300.871757979259
1880,419.594019624091,232.177873133692,607.01016611449,367.468384133435
1881,325.677267832485,142.126110617475,509.228425047496,300.032238752447
1882,464.582001082629,282.130081479876,647.033920685383,416.656306075934
1883,518.152641347643,336.410112178067,699.89517051722,520.710871018027
1884,538.276454163354,356.956225754932,719.596682571775,544.699594416993
1885,518.161837859287,336.490757156872,699.832918561702,520.723795754178
1886,459.014562072094,275.551998509748,642.477125634439,406.230372491869
1887,401.798719181727,217.213673229992,586.383765133462,351.382988170775
1888,431.454450703341,250.822687905332,612.08621350135,378.641850243881
1889,531.948817404054,350.433042408994,713.464592399113,538.714621421049
1890,418.426668042723,238.037252955532,598.816083129914,366.222694664642
1891,438.459779982828,254.018192943771,622.901367021884,386.185533618964
1892,296.339963607327,109.607652620187,483.072274594467,282.644150486204
1893,458.801401904966,275.67967569427,641.923128115661,406.505268148851
1894,434.797114300446,243.811063381131,625.783165219761,382.135250748525
1895,374.736331678158,192.656104744635,556.816558611681,336.324823079728
1896,497.299618183666,315.449212688276,679.150023679055,494.671283859117
1897,488.90028925972,308.303064013827,669.497514505614,481.129409692984
1898,499.366279125608,316.833880071215,681.89867818,496.95532877484
1899,395.049647445829,213.228398146533,576.870896745125,344.783433865039
1900,576.539310864876,390.191679128017,762.886942601735,632.54530890187
1901,459.300632284317,278.701232509071,639.900032059562,405.861450568081
1902,157.093497289098,-37.1311230756659,351.318117653862,212.817620339816
1903,560.234908160225,378.519886679612,741.949929640838,588.478196522108
1904,434.894964944374,252.935520056247,616.854409832502,382.243456853404
1905,479.267141394618,297.983562728671,660.550720060565,462.570977773626
1906,564.365805885525,382.006173812555,746.725437958495,603.2501925223
1907,538.216266946273,357.018140872698,719.414393019848,544.580874826934
1908,558.368590807883,376.623473007057,740.113708608708,581.627476653287
1909,360.350356812857,178.890475330489,541.810238295224,324.311360092549
1910,510.077185575684,324.292785731637,695.86158541973,509.633513909837
1911,488.00863555917,301.393449827921,674.623821290419,479.306084707388
1912,385.954376280085,204.368133943299,567.540618616871,342.921386251212
1913,450.398177975119,267.02171526567,633.774640684569,401.175572316677
1914,450.259267806785,265.754335200311,634.76420041326,401.104354470584
1915,490.262157636696,303.775838276603,676.748476996788,483.810998105575
1916,457.319525399104,277.104570544181,637.534480254026,407.114779782651
1917,298.505880362137,114.915714616446,482.096046107828,283.634319489845
1918,382.139737322198,199.182549852549,565.096924791847,340.678258526637
1919,511.195441420336,330.26785415332,692.123028687353,511.034746720638
1920,441.249167117387,260.856376578041,621.641957656733,389.446257383531
1921,533.560137232296,342.454027061301,724.66624740329,540.377517645144
1922,470.520887956798,286.241404152943,654.800371760652,434.567679940203
1923,587.667079330676,402.897883676412,772.43627498494,663.191817865695
1924,637.509499237927,447.642204693891,827.376793781962,812.635919956917
1925,338.156603072969,155.901827475372,520.411378670565,309.125224377209
1926,515.980602358446,323.284280284791,708.676924432102,517.563010226688
1927,356.76351741519,159.571842747413,553.955192082967,321.507269261495
1928,471.881892104871,286.704008602102,657.05977560764,439.834020748436
1929,295.158389888675,111.290175625394,479.026604151956,281.998460262697
1930,617.226201161449,428.122982700113,806.329419622784,764.84895739377
1931,610.182051542551,414.523954064781,805.840149020321,740.623335781444
1932,474.630042274636,291.557946691541,657.702137857732,446.782931960965
1933,365.933967082981,184.087121924605,547.780812241358,328.988430468447
1934,515.036948179304,333.835355225091,696.238541133516,516.183349440572
1935,509.459822456348,328.835383514632,690.084261398064,508.859925769764
1936,463.965983055223,282.755446467332,645.176519643115,414.680463290389
1937,360.57607745625,179.105723001216,542.046431911284,324.500433341463
1938,487.219843552856,305.864269224475,668.575417881237,477.67698048624
1939,482.499842838322,302.166550664919,662.833135011724,468.553696029182
1940,522.946130736404,341.88898019255,704.003281280257,527.447619471346
1941,470.238847399932,289.933194886458,650.544499913405,433.476337422032
1942,600.434089045843,417.2688459169,783.599332174785,707.098998038411
1943,586.749464958239,403.952761020989,769.546168895489,660.59890804121
1944,438.030667909832,257.521769271842,618.539566547822,385.711008934084
1945,486.000471731709,299.119927624147,672.88101583927,475.15859317364
1946,322.48023715601,133.400974913281,511.55949939874,297.715187438707
1947,462.709787672838,276.367789006621,649.051786339054,410.65128805022
1948,332.138780861606,147.411102013634,516.866459709578,304.740377764324
1949,611.311574866507,427.783927200768,794.839222532246,744.507893340394
1950,473.294059214368,290.856958770054,655.731159658681,445.061497799286
1951,395.603091273342,214.746033184394,576.460149362291,345.325321270433
1952,501.837291266078,318.957111984639,684.717470547518,499.70362082987
1953,488.854913373879,307.968232139597,669.741594608162,481.040062255493
1954,438.157703386146,257.05604709732,619.259359674972,385.851488480477
1955,440.239793472039,256.978106389199,623.501480554878,388.15392461331
1956,362.947984111476,180.111632598335,545.784335624617,326.487243633526
1957,479.3166382482,298.986199992505,659.647076503894,462.751754735416
1958,616.450301935337,432.697983962468,800.202619908206,762.180552820043
1959,469.31755760015,286.636014375745,651.999100824556,429.911450367379
1960,430.296605377998,245.397631276684,615.195579479312,377.490594458122
1961,400.499773732929,218.377345493809,582.62220197205,350.119756443715
1962,407.995674853673,226.698665358533,589.292684348814,355.916153932068
1963,567.058222114879,384.44331441714,749.673129812617,611.698059289051
1964,426.533933157039,246.073134387684,606.994731926393,373.749336390676
1965,553.326295191059,370.347825967206,736.304764414911,572.866999510911
1966,475.890629743995,295.413478458368,656.367781029621,450.238971323266
1967,497.722232762572,317.030308167283,678.414157357861,495.1383516111
1968,509.45862904635,325.778812733517,693.138445359183,508.858430364885
1969,455.576156959859,274.995513780931,636.156800138787,403.830270060064
1970,323.181741445522,140.591070859201,505.772412031842,298.213889847991
1971,226.579537007968,38.962180301558,414.196893714379,248.047176202355
1972,535.522904361138,349.996253473583,721.049555248693,542.863097311069
1973,568.250295035722,386.005147344264,750.49544272718,615.154541270521
1974,481.320553984069,297.883460207676,664.757647760463,466.999440568532
1975,534.428722906167,350.808472647907,718.048973164426,541.477464173371
1976,397.419850827795,216.527356901029,578.312344754561,347.104145194825
1977,315.297141245405,132.284115885435,498.310166605376,292.989544633369
1978,421.376923592629,240.537548819799,602.216298365458,369.37093408747
1979,504.108330445887,323.38258752261,684.834073369163,502.864230363862
1980,390.841742470929,209.756904436416,571.926580505442,340.66339386163
1981,507.035510346664,325.127232829874,688.943787863453,506.201627306673
1982,215.505555790252,24.141330900591,406.869780679912,242.432646413225
1983,491.398445070868,304.936103422346,677.86078671939,486.04840611678
1984,456.982995938786,276.704605035122,637.261386842451,406.454519065626
1985,142.716710521146,-50.85811613049,336.291537172782,205.528561780507
1986,567.726938839206,385.78554613552,749.668331542891,613.796260053933
1987,516.084272727918,334.992806625012,697.175738830825,517.714580522888
1988,500.231906778454,317.776034124099,682.68777943281,497.912008411673
1989,440.755335828992,260.206227543662,621.304444114322,388.724026434887
1990,413.710502308032,233.025448152144,594.39555646392,361.190039479562
1991,610.342710722757,426.85866270262,793.826758742893,741.175860744538
1992,607.81920727038,424.151531300236,791.486883240523,732.497248977027
1993,471.496077347895,291.129252061337,651.862902634453,438.341128899459
1994,392.592431755561,210.956815063345,574.228048447777,342.377527124916
1995,538.201647072366,354.065668620211,722.337625524522,544.55203705172
1996,575.484645554773,392.949781278862,758.019509830685,629.631788916704
1997,462.509066201215,279.789245969627,645.228886432802,410.007485346457
1998,468.320004303566,286.65391940314,649.986089203993,427.330838475878
1999,306.939748798052,123.610700795024,490.26879680108,288.34732636297
2000,284.829562365752,94.7706756422368,474.888449089268,274.705275235414
2001,311.677520343631,127.685778487615,495.669262199647,290.608254492544
2002,475.354879169148,291.857401779328,658.852356558967,448.282253790963
2003,471.767239724357,278.156738691935,665.377740756778,439.390378816029
2004,389.193127534268,208.360392179715,570.02586288882,344.825873887254
2005,628.502297166853,443.870529827197,813.134064506509,803.628717885843
2006,357.897983205185,175.565501314673,540.230465095697,322.257147245273
2007,557.488703889778,375.524575370096,739.452832409461,579.770993056054
2008,477.373558248655,293.856829489885,660.890287007425,455.65505922023
2009,593.359042505903,399.955537939148,786.762547072659,682.767118444834
2010,590.574250890727,407.287789050371,773.860712731083,673.18990734224
2011,476.578883240889,290.82471841565,662.333048066128,452.752674055971
2012,426.729473990701,244.663096635474,608.795851345929,373.943764360612
2013,527.923041753561,346.990837413635,708.855246093488,534.669102536647
2014,536.277447931774,355.166217184913,717.388678678636,543.818624907119
2015,531.505955366225,350.423644831656,712.588265900794,538.65071661244
2016,590.69650107491,407.974746326887,773.418255822933,673.610339454599
2017,280.698517267767,96.3561941980754,465.040840337458,271.788344326384
2018,292.74290931702,108.422472940072,477.063345693968,280.292889451316
